{
  "single_valid": {
    "mean_ns": 100131.019,
    "median_ns": 92769.5,
    "min_ns": 90818,
    "max_ns": 6199562,
    "stdev_ns": 193132.1581902451,
    "iterations": 1000
  },
  "single_invalid": {
    "mean_ns": 16803.185,
    "median_ns": 16649.5,
    "min_ns": 16229,
    "max_ns": 49333,
    "stdev_ns": 1220.6981546474788,
    "iterations": 1000
  },
  "batch_100": {
    "mean_ns": 8779756.65,
    "median_ns": 8677316.0,
    "min_ns": 8613999,
    "max_ns": 9417672,
    "stdev_ns": 178766.2714755222,
    "iterations": 100
  },
  "idn_email": {
    "mean_ns": 173085.39,
    "median_ns": 169818.5,
    "min_ns": 167073,
    "max_ns": 801738,
    "stdev_ns": 21492.03671903229,
    "iterations": 1000
  },
  "with_normalization": {
    "mean_ns": 92754.152,
    "median_ns": 91703.0,
    "min_ns": 90169,
    "max_ns": 145116,
    "stdev_ns": 4054.3794086500197,
    "iterations": 1000
  }
}