{
  "single_valid": {
    "original_ns": 100131.019,
    "rust_ns": 802.006,
    "speedup": 124.85071059318759,
    "target_met": true
  },
  "single_invalid": {
    "original_ns": 16803.185,
    "rust_ns": 174.631,
    "speedup": 96.22108903917403,
    "target_met": true
  },
  "batch_100": {
    "original_ns": 8779756.65,
    "rust_ns": 63704.75,
    "speedup": 137.81949776115596,
    "target_met": true
  },
  "is_valid": {
    "original_ns": 100131.019,
    "rust_ns": 220.418,
    "speedup": 454.2778675062835,
    "target_met": true
  }
}