{
  "single_valid": {
    "original_ns": 100131.019,
    "rust_ns": 794.844,
    "speedup": 125.97568705305694,
    "target_met": true
  },
  "single_invalid": {
    "original_ns": 16803.185,
    "rust_ns": 167.401,
    "speedup": 100.3768496006595,
    "target_met": true
  },
  "batch_100": {
    "original_ns": 8779756.65,
    "rust_ns": 59604.97,
    "speedup": 147.29907002721419,
    "target_met": true
  },
  "is_valid": {
    "original_ns": 100131.019,
    "rust_ns": 287.045,
    "speedup": 348.83387273772405,
    "target_met": true
  }
}